road_id,importance
330221,0.00947150541265609
334722,0.0071142337689068195
342952,0.0069556329739166155
329174,0.006867424358096814
333480,0.006789865314279751
335451,0.006623685917628935
329091,0.006528251856868236
341386,0.006134254546271511
331775,0.005868586448471539
329502,0.0057077244907768766
344238,0.005506528353711423
335197,0.00543681628471287
332253,0.004918933932832279
334420,0.004858612419961503
329821,0.004468395378558944
338651,0.004407759770109656
329644,0.004280948413516562
343388,0.004259033323379612
334250,0.004216135415599377
330512,0.004027306207465477
330184,0.004022741859553803
341295,0.004008512977245033
342669,0.003963507780136304
341121,0.003954322367542705
335525,0.003759038876233638
336153,0.0034745869236667538
332329,0.003401901519495394
328156,0.003360796843857815
339989,0.0016597444593046524
341340,0.001320821625346866
334916,0.0012014301847622967
335967,0.0011910693769604718
328447,0.0011799128863046488
333423,0.0011168079128577924
344401,0.0011083635848258794
341326,0.0010909289155313702
329638,0.00108560442773794
329422,0.0010806090401976585
343005,0.0010298248151281164
331581,0.0010092778311110622
329105,0.0009897305210536586
331224,0.0009732126466665298
332208,0.0009522482694922699
339725,0.0009522467661991377
342918,0.0009500625287423847
344403,0.0009271766580426242
328429,0.0009180564760027667
330395,0.0009120584006010235
333426,0.0009046313011806502
329657,0.0009027986368510238
328862,0.0008982936683160799
330136,0.0008897694383928452
341081,0.0008811780645134375
329230,0.0008807386050247569
329013,0.0008800554558379277
329385,0.000874492927459361
335212,0.0008575203580831218
328941,0.0008493871180487207
344410,0.0008492377718957524
343424,0.000838427965805463
334793,0.0008381934655713967
331872,0.0008213740613132299
333858,0.0008171359726013446
330271,0.0008022253143778722
334977,0.0007976136277690913
335883,0.0007958928063962156
344421,0.0007820879826202121
328513,0.0007802811811951688
335058,0.0007727064082868925
343391,0.0007660549736586161
335159,0.0007625337482277924
334220,0.0007560913173895785
328157,0.0007491952594332653
334859,0.0007489406016532521
333357,0.0007409197048469293
329386,0.0007402895871960405
340855,0.0007374323015985077
331343,0.0007244333128228478
330297,0.0007231322300547743
335979,0.0007230093929158008
334662,0.0007228980374220516
328375,0.0007215874877594179
329412,0.0007185092672442768
334789,0.0007154356204456618
334729,0.0007138294081875359
335141,0.0007084225854908763
339975,0.0007051974053730883
329001,0.0007044836584773087
328329,0.0007030772275742177
330639,0.000697088325113068
330239,0.0006928787338009484
332096,0.000690104752612329
329061,0.0006879207109586735
339976,0.0006876038201918324
331036,0.0006863242939172062
333355,0.0006835700834911167
335489,0.0006828037610887732
341471,0.0006813925829560698
332230,0.0006789078286218163
334917,0.0006768857796690228
331241,0.0006736418870731062
332225,0.0006724500629155219
332037,0.0006674251205337915
332098,0.0006671444167260642
328459,0.0006656973075871513
334030,0.0006656872861136062
333584,0.0006652029002612432
333762,0.0006636161198315349
341526,0.0006635670913564823
334081,0.0006619021159033588
328372,0.0006613781492056417
340058,0.0006611410180406464
336260,0.000660653173937176
331870,0.0006605651041863128
336181,0.0006602655454214646
334664,0.0006545692416137663
341321,0.0006541114958473988
343003,0.0006538161521193918
330192,0.0006505935366758258
335412,0.0006486075810665757
333551,0.000646920740736388
344393,0.0006466163377992591
333774,0.0006464394883752244
334669,0.0006432732759070206
334573,0.0006430123237010739
331892,0.0006426171730782095
328954,0.0006422669811064066
341384,0.0006396342593762605
328648,0.0006390768171917805
336218,0.000638210790927651
342955,0.0006376009992163746
334939,0.0006365989012236078
333553,0.0006356347229856011
329844,0.0006340123310460465
329526,0.0006326330539546696
334978,0.0006325949014458402
335439,0.0006319171994418857
331931,0.0006303302770132053
334383,0.000629971306230305
343073,0.0006239817965841934
334127,0.0006239263857294739
335331,0.0006210728847329748
339911,0.000620284326227296
331514,0.0006202784283929373
343220,0.0006192326328553603
331926,0.0006178972681292143
331504,0.0006156802933004976
334670,0.0006121524368088117
333583,0.0006103577771043869
335370,0.0006082019188189699
335884,0.0006072924780628348
328539,0.0006032873408999963
341473,0.0006028260197933329
330383,0.0006026670725512175
336356,0.0005983843898133206
339763,0.0005945591783227133
331025,0.0005925213793583522
328503,0.000591576305923335
329435,0.0005913657916628618
339766,0.0005911320582639218
332584,0.0005909279989517437
335396,0.000590195632160752
334935,0.0005894034798928988
331245,0.0005885556661225861
335529,0.0005880302079725669
329052,0.0005865917043495346
329847,0.00058655521124072
333072,0.0005860346027543468
343395,0.0005840486483404315
331382,0.0005834100511579176
334942,0.0005832831815577792
341447,0.0005829340236727088
328485,0.0005823258052155282
334851,0.0005803140039928025
329200,0.0005799815901544839
335683,0.0005788782681701821
329604,0.0005787231266208092
333276,0.0005785292657692725
335788,0.0005783226794585917
341333,0.0005780765407778029
331227,0.0005780590057662678
333434,0.0005753440483794341
330188,0.0005751239973746123
333429,0.0005741566898203862
335550,0.0005738688747855922
335059,0.0005725486655139404
328448,0.0005718204197394605
334794,0.0005716660802356501
331513,0.0005709558077966413
332621,0.0005709293525478337
333273,0.0005706078061690099
341319,0.0005694853309893701
330295,0.0005681027129250598
332040,0.0005676010712093235
335881,0.0005675116287039945
328146,0.0005665959671497234
343110,0.0005663183985926853
340982,0.0005653060108903283
339901,0.0005647357794652355
343011,0.0005637306548218617
336073,0.0005625735294974252
341439,0.0005612968873992225
334077,0.0005608998835328768
332206,0.0005607301412500516
328151,0.0005601461738416213
341400,0.0005579524745996617
329666,0.0005579022235120664
343894,0.0005572261030704633
344400,0.000556482069607451
343088,0.0005558501302636494
336422,0.0005558357706598925
335968,0.0005553333748822608
330195,0.0005540675085253222
328806,0.0005528778271515732
331749,0.0005526834812730585
331023,0.0005522300129796549
330640,0.0005515719097315943
336154,0.0005513173374392151
340592,0.0005512071944293455
334044,0.0005508640425808193
331240,0.000550584947837478
336393,0.0005503221920691434
328668,0.0005497489394609709
344404,0.0005495056452867792
334656,0.0005489479127182922
330656,0.0005487117258615915
330385,0.000548070544294711
329044,0.000546883973535968
333963,0.0005455777288722608
336136,0.0005450077316814899
339950,0.0005433649218321624
333275,0.0005431390896945765
335194,0.0005429776927677322
332976,0.0005429516523140862
335438,0.0005424285823037268
343114,0.0005421361085365998
334795,0.0005419901891993885
332533,0.0005403246729342806
329956,0.0005399978176695369
335973,0.0005396225739182959
330127,0.0005380751666705044
330610,0.0005380408271243555
334022,0.0005376446571689177
335670,0.0005370252904591714
340084,0.0005354964747566243
335360,0.000535135838169584
343278,0.000535025013909944
329384,0.000534860316151935
330948,0.0005347390510504125
331077,0.0005339410228418638
341118,0.0005337378677613446
334530,0.0005336258612904502
330398,0.0005333011095850282
332039,0.0005327081171247551
330299,0.0005325098186953864
330138,0.0005315472509356906
328694,0.0005315211115930157
334854,0.0005310967522092274
333390,0.0005307900447376634
336875,0.0005305674644617873
334309,0.0005292586671029852
332439,0.0005290745417494854
334511,0.0005284115691429312
332036,0.0005267402391103904
343111,0.0005259062879913011
328427,0.000525423893775908
333615,0.0005253023988537428
335160,0.0005232998762244092
329527,0.0005230321023018237
343057,0.0005224058207041808
332420,0.0005223574711384996
341430,0.0005219527969399726
332980,0.0005215351612638025
331509,0.0005201039865950103
335994,0.0005192080967757004
333580,0.0005187276207395823
344391,0.0005181173820056822
331651,0.0005174471407103641
333335,0.0005171780653601619
335066,0.0005169624616361631
344416,0.0005166523859713083
328859,0.0005165916279578892
339765,0.0005162855264452867
328783,0.000516169894900893
328452,0.0005157852243715819
336200,0.0005154120646832781
339914,0.0005153929881882503
344414,0.0005152821499412393
335367,0.0005152390090474912
334225,0.0005150328781478371
328535,0.000514964217908719
342953,0.0005139305185248848
339910,0.0005136752317483852
328933,0.0005126960949827876
329413,0.0005126001542354691
334990,0.0005121047407047994
329063,0.0005119175257793447
329043,0.0005117590310831754
332444,0.0005104365414025277
335038,0.0005102470837600801
332846,0.0005101860683500633
330535,0.0005099634848663759
329183,0.0005098657992458379
342820,0.0005097693636302683
331229,0.0005095756028458722
332982,0.0005095453407253863
328325,0.0005089477680379921
343177,0.0005088759457512374
329047,0.0005085135896928679
341103,0.0005082673644204661
329845,0.0005080477516639687
334857,0.0005076228586421552
335528,0.0005070019630831402
329065,0.0005066095104515325
339812,0.0005064279036168896
343389,0.000506305027228318
343007,0.0005056048192498585
333958,0.0005054046129733356
334218,0.000505062835502662
331378,0.0005049349463214311
341518,0.000504923541733936
331683,0.0005043508778103753
328592,0.0005037951122275442
339978,0.0005037525898757574
334267,0.0005035631916658558
341411,0.0005034732716205864
342826,0.0005034686179800634
328159,0.0005033496642747491
333439,0.0005031128904316628
328594,0.0005030145656916958
330180,0.0005029929074581759
329736,0.0005028916093819909
339953,0.0005021566548091286
331197,0.0005013600428537667
341315,0.0005007674212571141
344415,0.000500684520451062
341431,0.0005003399207749299
330157,0.0005002990545445969
336354,0.0005001100022735445
328374,0.0004993387181092334
332983,0.0004991874143722897
335469,0.0004983027824304598
341385,0.0004976603424190103
333425,0.0004966866698355102
331515,0.0004964472251173272
335712,0.0004959576931903402
329677,0.000495702152201365
333607,0.0004956729283689003
334373,0.000495158101627207
333432,0.0004951229985067966
343128,0.0004950317613973052
333956,0.0004949120427518882
330115,0.0004948916903283717
334973,0.000494890819887962
334073,0.0004947204908203839
333478,0.0004945142377269149
331785,0.0004944499149339972
340591,0.000494406246750782
329388,0.0004940670105068926
329738,0.0004939919265064723
331724,0.0004938270159183246
333957,0.0004926615823345373
328381,0.0004924397615345742
344419,0.0004923393213263147
329968,0.0004922002353757473
333610,0.0004920615337194106
339764,0.00049186354597677
342960,0.0004915695300299611
335043,0.0004914984261506093
331770,0.0004911298822365952
331900,0.0004908832291753885
341391,0.0004908193413322465
342437,0.0004904435003151653
336275,0.0004898762542350248
340131,0.0004897278362660947
329104,0.0004897230413669607
334719,0.0004895298109873047
331079,0.0004889273670456774
343398,0.0004880399252157875
332227,0.0004878800154077113
339709,0.0004875330743766641
343267,0.0004872346436965283
343096,0.00048718152994959684
340626,0.00048659640276351834
341590,0.0004864750314926079
328457,0.00048630313739449384
329728,0.00048582393967555544
334448,0.000485749667842627
339980,0.0004854518931802808
334666,0.0004853723835159636
334657,0.0004853034604022222
329045,0.0004851090761344695
332974,0.0004850438644644868
334293,0.0004845043642205742
336235,0.0004843347897601997
333477,0.00048423110458584476
330196,0.0004841118228459034
330187,0.00048367538238971395
334128,0.0004835388132051314
341343,0.0004833570911356565
339761,0.0004832559048423337
339753,0.0004823912358192983
344390,0.0004818658495107201
341440,0.00048168915307710334
334728,0.00048123577434342813
329087,0.00048122956566213195
332708,0.000480891476018968
332042,0.000480618698503008
332554,0.0004799111216074369
343279,0.0004798985582286267
341349,0.00047988252863120294
341522,0.0004797352021598663
332163,0.00047935714303369765
332618,0.00047917823797119085
339900,0.0004789832210790852
339942,0.00047811789569864727
328693,0.00047766887210065183
339969,0.00047718634581093706
330169,0.00047696600746083674
333437,0.00047672078862089355
339818,0.0004766854250220766
330726,0.000476634492426716
328804,0.00047658571978586217
328940,0.0004763868029509203
333271,0.0004755356455421316
343215,0.00047540332621193095
335775,0.00047502051095990193
330704,0.0004734205846666311
342052,0.0004729321947757315
331937,0.00047289083861351376
334663,0.0004728286269000986
333433,0.00047265294656999556
328929,0.00047256989035262485
330615,0.00047253575676519164
331093,0.00047208476569082715
329184,0.0004715501066126975
336299,0.0004715296663707756
331594,0.00047096232946720683
329382,0.00047093165344758994
333733,0.00047090539296915736
331076,0.0004707880523380864
342818,0.00047055703100641047
343416,0.00047009968731375536
341021,0.00046973430127011663
342957,0.0004693428662918052
339943,0.0004692023305294446
333428,0.000468967744760405
331075,0.00046877541200432665
332244,0.0004679874029870193
340633,0.00046708230109695576
335299,0.0004665789209128948
330802,0.0004660797532407797
344389,0.00046605191094049766
334305,0.00046583768070777057
334029,0.00046547650855283167
328402,0.00046507738668651895
329041,0.0004648199266469722
332617,0.0004642575007296252
336217,0.0004642231080234438
330456,0.0004640806001496387
330287,0.0004639255178856839
333773,0.00046390712984688173
335892,0.00046368634722715837
341338,0.00046321896953625645
343196,0.0004630945591883707
339756,0.0004629450357756346
329912,0.0004620247717554032
333898,0.00046180654488853744
343048,0.0004610440043412977
339875,0.0004610240154371554
334578,0.00046092781596933954
340129,0.00046088926533251987
336185,0.0004608422762002237
328968,0.00046076582607265
341501,0.00046020706997591956
328670,0.0004599011846105427
339904,0.00045977282251630827
343730,0.0004596173512811859
330939,0.0004595778757339699
338562,0.00045939202971957525
336368,0.00045934568035256357
334463,0.0004591484155440299
330288,0.00045899697668931545
330947,0.0004589342450151393
329667,0.0004587680505082274
334025,0.0004586548389915893
343104,0.0004584935517665931
333252,0.0004584589914781379
330949,0.0004584507751696811
334149,0.0004582630804145361
334494,0.00045819839996173034
341317,0.00045801729265359636
342053,0.0004575439067152423
333966,0.00045699524845800013
331203,0.00045694871202009923
340089,0.000456873001350812
331110,0.0004566135830477807
329918,0.0004563850730248199
339946,0.00045626798816094034
330290,0.000456144803161948
332421,0.00045614339531382004
331037,0.00045585258666243404
334912,0.00045556497868897637
330197,0.00045487525274505875
334702,0.00045474197316269083
336452,0.0004543170291362549
328938,0.00045428881170639954
332438,0.0004542466564818661
329675,0.00045380129300740874
329525,0.0004534913316909391
334364,0.0004533278482124395
332963,0.00045329688168841586
332973,0.00045294882273776865
341328,0.00045293163342146746
334569,0.0004528203133196312
336231,0.0004524880523345336
329060,0.0004522798510525909
331519,0.00045225272014690505
343101,0.0004522389316778109
328855,0.0004521145055592817
334914,0.00045204772184436766
334932,0.0004519439753261586
339972,0.0004515379425560898
330296,0.00045146060671179516
330631,0.00045096636241848885
336938,0.0004509642752614375
335681,0.0004504943106391884
335060,0.00045034603277373074
331933,0.00045025677072940646
332620,0.0004502460439640459
329674,0.00045012332778139987
328147,0.000449556828842801
336294,0.00044912446551130444
333864,0.000449104587265912
340776,0.00044904076933775073
328455,0.0004485890100243211
335986,0.0004485220719985131
332843,0.0004485209651896594
339981,0.00044847472969950327
335195,0.0004483104619187611
334922,0.0004482596314607534
334268,0.00044823901436819366
331943,0.00044821220259055883
335452,0.0004481829573281539
329404,0.0004475803047616146
333059,0.0004468529511509068
340866,0.00044670270563463817
332535,0.00044656289822872747
339808,0.0004462196740135037
328845,0.00044602539695062034
329676,0.00044576793045361126
332964,0.0004456645692337273
330805,0.00044557752950932853
341020,0.00044553592642022693
343002,0.0004452360828915408
333268,0.0004451257384707061
336375,0.00044510836502692475
329042,0.00044497918563264643
334012,0.00044492699951282104
328803,0.0004448950839700105
332904,0.00044470905211303394
333435,0.000444692078210994
341449,0.00044439664972435657
342945,0.00044431719261799676
329416,0.0004440564606308009
335361,0.00044397452061611644
335530,0.00044376614464620935
334291,0.00044366504285274304
332200,0.00044360435368753017
329603,0.00044351252931187413
332975,0.00044309701073300145
341528,0.00044301093662976553
331208,0.00044288922275320165
336059,0.0004427060366271192
328540,0.0004425133636186878
343270,0.000442474895342242
334229,0.00044216876096694316
339995,0.00044210894049495094
332979,0.0004420286877188733
334223,0.00044184654209302295
328932,0.00044162250464287504
330728,0.00044148984649068873
328863,0.00044147786001932053
341348,0.00044136870196208094
329181,0.00044095864593506133
329068,0.0004406470767363966
329055,0.00044063981579521317
335902,0.0004405597242149206
335890,0.0004403811016556526
329067,0.0004403427363085759
331074,0.00044019887627790824
343399,0.00044014297755877945
336222,0.00043990829023399
333802,0.00043989958125239344
335040,0.00043989615699056866
341445,0.0004398176385078177
334658,0.0004394861583615113
342049,0.0004394037379653862
332691,0.0004394032446666582
332692,0.0004392971356055935
331326,0.0004392463161432751
330272,0.0004388129881881029
340986,0.0004384362158920647
335065,0.0004380808437273565
331850,0.0004380496324664316
344408,0.00043793713376294056
328328,0.0004376947022584581
330191,0.00043753379312915744
344247,0.00043752976994398745
335978,0.00043717563740715135
331525,0.00043714080349939645
334572,0.00043677825106890896
329223,0.00043661695620565125
339899,0.0004365716032489044
329726,0.0004364947675582704
339724,0.0004364212685864171
331497,0.00043620156100390576
341080,0.00043599516239542345
334655,0.0004358556742527095
334404,0.000435505552991167
351013,0.00043541953424651317
336297,0.0004354037607541399
335188,0.0004351553407506648
332100,0.0004350623170741806
341390,0.00043505613869619723
335758,0.0004349206501059028
328150,0.0004349100337081855
333057,0.0004348106310004173
331104,0.0004347384247405208
336249,0.00043472720271525256
329257,0.00043460995957117466
334310,0.0004345634569568331
333780,0.0004338557720702364
335938,0.00043381566694738934
329098,0.00043374627634214263
329049,0.000433650320668452
344427,0.0004335861513848045
339986,0.00043357279192189754
335949,0.0004335694502244546
328133,0.0004335038869024525
333674,0.00043341558031542596
332038,0.00043321352529036063
343051,0.00043312173669803224
334651,0.0004330422334107759
336282,0.00043279244146289373
330289,0.0004326844236190888
334450,0.0004326591868710107
340052,0.00043263024862002
332099,0.00043246910905748385
328860,0.0004324283228782197
329169,0.0004321775504475334
333900,0.0004321583359790306
335914,0.00043212187454133957
341592,0.00043187297983203254
333971,0.0004317573178944025
328931,0.0004316432175228084
333959,0.00043157965662434417
341397,0.00043114497601810716
328404,0.0004309942879533641
340132,0.0004306250101130126
338652,0.0004301587200514276
339905,0.00043004756914700077
328743,0.00043003357286506476
335368,0.0004299648125006666
329379,0.00042980008010767043
333360,0.0004294290943962656
334514,0.00042920244286971746
341323,0.00042916753772942505
332653,0.00042885926863404597
329050,0.0004286931407529768
329429,0.00042859741970645483
328428,0.00042840179586997563
333422,0.0004282813410443711
333427,0.0004282112113273117
332092,0.0004281278232592203
342090,0.00042810543023350444
334165,0.00042803509427525297
336274,0.00042800083158030694
328930,0.00042797013900705664
329911,0.0004279121470763397
329381,0.00042772610492721895
332844,0.00042732132372065205
328559,0.00042728312105748173
339713,0.0004271001865046748
330194,0.00042698422154006807
330938,0.0004267490577716119
334467,0.0004265963462587731
331324,0.0004260920246906144
333734,0.0004260732138703969
343699,0.0004260273339581259
343054,0.0004260184459563677
343417,0.00042579413751916913
329939,0.0004257770612559375
334556,0.0004256811394450241
341444,0.0004256001522074626
331508,0.000425515033556775
333269,0.00042523794660837157
342614,0.0004248486110496519
334129,0.0004246404195439779
333952,0.0004246199018215417
335793,0.00042456638766759917
328784,0.00042427461954018303
334340,0.0004242035995871481
329225,0.00042403235975872885
335167,0.00042399379809424575
341075,0.00042397843131592795
328537,0.0004239727669905749
335037,0.0004237924029512066
331500,0.0004236887573536415
333698,0.00042360445795203746
339839,0.00042342008175387893
343089,0.00042257736977238994
333359,0.00042245962099224566
335768,0.00042241079461693076
335025,0.000422392587222554
340587,0.00042226454316464775
335106,0.00042222386874150267
329415,0.0004221941557825676
329057,0.00042219042096978824
329848,0.00042189633124199244
328766,0.00042184642532755527
331791,0.0004217773047319361
343394,0.0004217231042342541
328376,0.0004216978518707392
335019,0.00042151933720932587
339949,0.00042130559661694613
341114,0.00042108337075696673
328630,0.0004208682361179123
336302,0.00042070826126264704
331029,0.00042050086411948834
341277,0.00042047085662414406
335762,0.0004204228323997921
335062,0.00042040772142300594
332984,0.00041994110069161315
335625,0.00041988337493034184
336134,0.0004198452158107123
335546,0.00041962533360797525
335403,0.0004193858236064006
329172,0.00041929537601831455
339809,0.00041927262778697
336263,0.00041910419389993306
331222,0.0004187100723971432
331901,0.0004181852128110614
330129,0.00041810959006683096
340135,0.0004179589562764573
330291,0.00041792401947684014
334439,0.00041790991171363845
334164,0.0004178515844465476
329037,0.0004177494061464852
332429,0.00041765730082991647
332995,0.0004176080380670228
331228,0.00041744279093504545
332622,0.0004172950970156778
335032,0.0004169130897767333
333965,0.0004168612554819633
334575,0.00041682953520248944
333361,0.0004166915968270627
334426,0.0004163218031617921
341138,0.00041621502890342306
343218,0.000416058691874925
329097,0.000416047833346369
328631,0.00041604013471607484
328767,0.0004159307062030929
329668,0.0004157997808481043
333859,0.0004157599465803438
340153,0.00041566794802959454
331031,0.00041556845234498553
330750,0.00041550874869302336
341451,0.00041541709341991965
334571,0.00041514017379306136
331381,0.00041504461814391463
335995,0.00041487250676932116
333962,0.00041468619756985744
334593,0.000414331949754466
340086,0.00041423111446893405
331942,0.00041407974936892334
336237,0.00041394467683154976
335533,0.00041358344792476333
336241,0.0004128127662679286
343420,0.00041272294656247025
341450,0.00041248791147511626
333912,0.0004124738225108019
332613,0.00041226301017495604
334975,0.00041214391553271606
332197,0.0004119659346525357
330801,0.0004119389769460623
335676,0.0004115390679867048
332263,0.0004115126070917516
328504,0.0004111561138398815
331788,0.0004110869136058473
331871,0.0004109925812082305
328858,0.0004107480367171271
333126,0.00041063470858904876
339758,0.0004105363280421716
335247,0.00041035634920387877
328373,0.0004103421827242872
334473,0.00041031917406395577
343892,0.0004101691524447406
331897,0.0004101659871188054
335918,0.0004098348740177877
335261,0.00040982181805968097
342678,0.00040977180584710776
341145,0.00040974348517775546
328847,0.0004097311579005787
335044,0.000409653750878825
330510,0.0004095815514176299
335526,0.0004095788223046737
335943,0.0004095734601838559
339803,0.0004092943883185441
334374,0.00040922421398283533
335966,0.0004090927307360183
331384,0.0004089269735481756
341540,0.0004086938653930127
335885,0.00040868849644674384
336637,0.00040848273633667983
331792,0.00040847678810533453
339838,0.0004084250940529093
328538,0.0004081902407345144
344042,0.00040818090549655487
334574,0.0004081362534667355
339816,0.00040798868766333445
343216,0.0004077031092767713
329414,0.00040768681750000534
333612,0.0004075223352086944
333772,0.00040736951644686925
332207,0.0004071651868171459
335491,0.00040712096532039563
334595,0.0004069706283471652
334486,0.0004069364894515897
343263,0.0004069239094361534
334125,0.0004069099508889854
333511,0.000406900713372204
335193,0.00040688518976066243
331891,0.0004065923788597409
328144,0.0004065792684503304
332985,0.00040654052070716607
334577,0.00040620489792
339958,0.00040602888040918534
343052,0.0004059802154120087
343212,0.0004059735874455441
335468,0.00040592452337910074
339968,0.00040585552790248946
334456,0.00040576350425458797
343425,0.00040565188210230476
334290,0.00040560126765278406
329221,0.0004055640912379199
341282,0.00040556017683421384
341294,0.0004055049938879199
332424,0.00040550010359465135
334675,0.0004053009828714983
331784,0.0004051629416625529
331344,0.0004050574159873048
330160,0.0004049613441641511
333775,0.0004049613355567862
335680,0.0004048905946865982
331021,0.0004048208081110656
339992,0.0004047306902857053
338640,0.0004045254820089455
330396,0.0004043182699543414
333657,0.0004039974165666281
334660,0.0004038321430004992
334677,0.0004038070147856338
329090,0.00040371201511095467
343437,0.00040363597429565794
335615,0.0004035690025483223
329473,0.0004035359162665781
336248,0.00040352854495874816
336004,0.0004035111541385132
334219,0.00040337663773940045
339711,0.0004033411958187204
330190,0.0004032591495066028
330384,0.00040321326410762436
342817,0.00040320796972389444
334495,0.0004031744096184561
335516,0.0004030493535082192
334284,0.0004028431769853236
335950,0.0004027935224932571
332960,0.0004026623933220414
333954,0.00040265120761767074
335728,0.0004024405805351735
336201,0.0004023787432905072
334009,0.0004022167491165172
334046,0.0004020412224589157
336374,0.00040192886808830465
343059,0.0004013680332078451
329054,0.0004013279533945592
332094,0.000401277163430759
332818,0.00040119237083213776
331753,0.0004011091969625985
334931,0.0004009356264205629
328969,0.00040089083035629207
334433,0.000400808879371384
343731,0.0004005822713352856
335879,0.00040043735999260437
339906,0.0004003623975293466
341231,0.00040032146816485744
329431,0.0004001858229812195
333582,0.0004000714543379483
335357,0.00040004843712990374
335455,0.0003997857639264722
334343,0.00039969123981869505
333074,0.0003996764343842338
329228,0.00039964023257430236
343269,0.00039959440211989367
339885,0.0003993426977984268
344237,0.0003992410900956786
330751,0.00039915354128199304
334454,0.0003991118742826319
335532,0.0003989731763267317
335098,0.00039884088184580446
334438,0.00039879843879525665
335238,0.0003987616407031908
334441,0.0003987164077178229
329264,0.00039854864535027683
328939,0.0003984948749502988
339974,0.0003982856324465101
328378,0.00039826380708054285
331844,0.0003980169853089627
329258,0.00039764848735312315
335402,0.0003976149862221154
335614,0.0003975241821114138
329403,0.00039743472586440705
328518,0.00039698096825424074
334078,0.00039678170828490183
329669,0.00039667996582178755
333267,0.0003965286273895492
334375,0.0003962857623923552
328856,0.00039600024811298136
330627,0.00039545278641075446
334640,0.0003954289057013109
332623,0.0003954150084468495
334726,0.00039540519699489564
329102,0.0003953682716365697
340133,0.0003953276959309019
331027,0.00039505322891670745
331938,0.0003950296941057588
329051,0.0003947649626888619
334339,0.0003947624303015507
339983,0.0003947394447277901
339795,0.0003946566252891178
329957,0.0003945754764328711
330727,0.00039442225058823767
329222,0.00039423160900864846
340088,0.000393963973678007
336262,0.00039395848537526014
334222,0.00039388823854006835
338637,0.00039379172039570137
339993,0.00039378029581060863
335770,0.0003933568745078287
329670,0.00039334049675705097
335257,0.00039331650176039213
334098,0.000393110752882579
332034,0.00039310543527281414
333092,0.0003928831599050625
336192,0.0003928444260676661
340090,0.0003928333507448337
343419,0.0003925294713801797
339760,0.00039246633410756063
333225,0.0003924073544492124
330536,0.00039235114892139706
341524,0.00039227341200624
338646,0.0003922582028551334
340873,0.000392230872343347
331325,0.00039218015998126224
335189,0.00039209159180066794
331034,0.0003920914052204828
335802,0.0003918768860826972
334228,0.0003918669847701136
335774,0.00039177093931125166
343387,0.0003917473369553368
343103,0.00039170529609404274
338976,0.00039167783611963354
331941,0.00039154972408514047
334264,0.0003915300948485715
343385,0.00039148549807193483
329387,0.0003914714647672978
335996,0.0003913363324295676
328676,0.0003913098112548767
332838,0.00039116226013477876
334163,0.0003911510913121553
329103,0.000391150298959898
328456,0.0003909632466007199
331106,0.00039090636393550684
333552,0.0003906829544819184
340055,0.0003905975367865759
336226,0.00039054245003388235
333571,0.00039052681426689955
338328,0.00039049825763394394
331105,0.000390399904680044
343226,0.00039011832162322296
330980,0.0003898511919149916
329673,0.0003898127803892549
339806,0.00038945987407087865
329737,0.000389392466071583
328145,0.0003893578255239794
335707,0.0003893533365113224
329220,0.00038915547696290556
330151,0.00038894737389610093
332997,0.0003886140013790459
336016,0.0003886078063913854
331925,0.00038858023610763607
333778,0.00038852753293997893
331680,0.0003883121577750931
339902,0.0003882544670775638
335784,0.0003882032183915017
330183,0.00038818290730754023
334698,0.0003881383744943759
343179,0.00038786312781110497
343428,0.0003877783302537111
335358,0.0003871678293099503
343219,0.00038705806509307017
328650,0.00038705491389641483
343260,0.00038690562233935756
335198,0.00038683266262801137
328967,0.0003866779905338784
331896,0.0003865039832410133
340785,0.00038641514488104947
334852,0.0003863937542126858
334095,0.0003860061972578251
329849,0.0003857341083876337
341336,0.0003853710906989454
335190,0.0003853098401718634
333274,0.0003852645108533551
330747,0.00038505670011834003
334899,0.00038498685418618574
334466,0.000384948653389423
334427,0.00038483650741791937
339877,0.00038475992621133835
335580,0.000384743624976525
342825,0.0003846902667860355
340057,0.0003846538177278027
333077,0.0003846239722953466
341011,0.0003845645818744562
329834,0.00038456076806767206
331930,0.0003844490191536206
334042,0.0003843502094428701
341541,0.00038410265386203303
336355,0.0003840490714070152
343223,0.00038391736080723105
330189,0.0003839126663592337
331747,0.00038391185813855893
332440,0.0003838480176290749
334469,0.00038384772556616015
338902,0.0003837254541108352
336324,0.0003836385327564591
328152,0.00038343000053447414
328473,0.0003833939725164798
333476,0.00038319324691691236
335904,0.0003831260778245147
342949,0.00038309371483014103
334791,0.0003830214797527522
328936,0.00038298105743987427
330173,0.00038295859135112446
335213,0.00038283293290958666
334435,0.0003827887031408532
335975,0.0003826365346269552
333344,0.00038254290969812996
329741,0.00038252542275734187
334099,0.0003824307346644861
328458,0.00038234112233084317
343115,0.00038225574738318916
339719,0.00038220560995433914
328190,0.00038201585888576495
338650,0.0003820019279649713
343556,0.000382001107697194
331928,0.0003817966463610602
342947,0.0003817904640593853
331787,0.0003816386790853143
331723,0.0003812245053965316
333777,0.0003809507286050192
333960,0.0003809392213572436
329529,0.0003808196063720279
330636,0.00038066662619617905
335057,0.00038055289370814523
329803,0.00038054725624826736
342934,0.0003804848621480886
340134,0.00038028427572325504
328384,0.0003799565921254026
331895,0.0003799500023788873
335880,0.00037983321547991526
333508,0.0003798218472582625
341274,0.00037968932326287085
329954,0.0003795388067661383
339973,0.0003794279849811193
331795,0.00037919812914962955
340896,0.0003791777323411918
335980,0.0003787582137686608
335971,0.0003787277106371755
343897,0.0003786718583827439
334936,0.00037858840695134796
339903,0.0003784741723165772
331511,0.00037801339811575853
343130,0.0003778094742541789
340631,0.0003777935100771778
343441,0.00037724720092737884
343090,0.00037724378625006677
330453,0.0003772173583404643
331745,0.00037708968540246926
330167,0.00037707792368060365
335913,0.0003770378071561058
343414,0.00037686670029071556
331875,0.00037664999562164264
335380,0.000376347457907521
346470,0.00037634075616940153
334555,0.00037625385111884685
333481,0.00037622864754810627
329743,0.000376124693016644
344423,0.0003760759190264056
335786,0.0003757002488256762
334406,0.0003756657514355894
333060,0.00037552026799242145
334849,0.0003752450577574737
343896,0.0003752337423853384
331226,0.00037521028240556585
328799,0.00037517596055986033
333362,0.0003751700882613422
330634,0.00037499411846161527
335363,0.0003747804085702517
330198,0.0003747061945039077
329048,0.00037466855264925284
342937,0.0003745384236105639
336216,0.00037451612176998134
343265,0.00037441133682593363
336220,0.00037438823473052963
336638,0.0003742024015099514
334773,0.00037397811592710355
331799,0.0003739026850406562
329651,0.0003738075991430323
329643,0.0003736590084172204
334718,0.0003736179445138886
336180,0.000373443387669609
328512,0.0003733883505031286
339990,0.0003733594777964348
339819,0.00037332019955126257
335239,0.0003733025954784818
336327,0.00037327313863050543
343092,0.00037315390711605966
333735,0.0003730241393713895
335285,0.0003730066545455742
328449,0.0003729999493793639
343233,0.0003728984406717626
330617,0.0003727526508157773
340875,0.00037268727568235695
334861,0.0003725705053476342
339814,0.0003725666321323586
331752,0.00037250192412541244
335983,0.000372498178552505
335045,0.00037243911527942383
328536,0.0003724191926316523
343056,0.00037150420788131436
341446,0.0003713774015799534
328382,0.00037114218180913034
329433,0.00037077376543519496
331032,0.0003705134209273851
336300,0.00037024476343597653
335483,0.0003701421220400087
339991,0.0003700294105770346
330620,0.0003700146280000488
343745,0.00036988786252999356
329107,0.0003697701562832856
334453,0.0003696141729088174
336365,0.0003693375829503383
328168,0.0003692817688036074
339987,0.0003692462025148703
336165,0.0003691850266806896
343236,0.0003690327628340578
334701,0.0003689163185249498
333569,0.00036880045597379113
340085,0.000368795409901477
335263,0.00036874593163929606
341318,0.0003685011345767969
341399,0.000368290865003257
338641,0.00036827161326893155
331899,0.0003681086570581611
335314,0.00036810660801320076
334579,0.0003680986268767677
333672,0.00036809716469432346
336008,0.0003680468193175775
330293,0.00036800220839698286
333447,0.00036797967942399276
333266,0.00036781859041543514
329180,0.00036767457536682484
341067,0.0003675659319970944
340087,0.0003674501494072359
340372,0.0003672015286659501
330128,0.0003671874791421226
330185,0.0003670323963873921
339662,0.0003670139561841961
343105,0.0003670065430440552
336050,0.00036698867603060026
329046,0.000366925859557071
331517,0.0003668924684092203
336229,0.0003668542621011136
334995,0.00036675901145075503
331932,0.00036660646309366005
329411,0.0003665963880454122
343275,0.00036652337899378286
328385,0.00036650374329267807
331108,0.0003664633158167662
335055,0.0003664535433972376
328266,0.0003663710158143848
343929,0.00036626276222231696
335105,0.0003660396802185115
340643,0.000365994397545002
339908,0.0003658341113006321
330828,0.00036566260408987117
331874,0.0003654067352722202
342943,0.0003651983117904676
341389,0.00036502133742550213
333863,0.0003649712072206397
339971,0.000364860992830944
334429,0.00036484335207519506
333605,0.00036480694815848534
334269,0.00036470061746167004
332044,0.0003643691227492267
333570,0.0003643382077213564
333448,0.0003642795250306165
335484,0.0003642472827812356
337962,0.0003640707619234012
329201,0.00036403991098105944
329259,0.00036389251765705355
339979,0.0003638139142804928
341012,0.0003637632807174834
335524,0.0003635332371369898
339996,0.0003634913092952162
329582,0.00036339759502230785
338638,0.0003633823651655572
333579,0.0003631556641138274
334443,0.0003631398688671981
340786,0.0003630903354143646
333655,0.000363075551102252
344337,0.0003629344243929444
332839,0.00036275389972695006
329101,0.0003624649047194031
334620,0.000362327202699127
329390,0.0003622631477943259
333572,0.00036218116377456926
335534,0.0003621623299575994
334915,0.0003620420141398616
333803,0.0003620399303345806
335547,0.00036193406227897165
335440,0.00036192104240865826
330394,0.00036185393142268457
336219,0.0003617890865619593
334221,0.0003617645994745948
336293,0.0003616188063532666
334654,0.0003614054720317076
334381,0.0003613488135971001
331688,0.0003612565813860279
339752,0.0003611647795621147
335624,0.00036107368817032455
339945,0.0003610532430184256
328383,0.0003609434960123157
331219,0.00036083701248899543
335759,0.00036077864280055364
333336,0.00036064956469059143
343197,0.0003604208274518736
333358,0.0003604020282543736
331028,0.0003601041759103612
337076,0.00035998120850487753
334513,0.00035991113916265154
342051,0.00035982354571556275
331934,0.0003598021523398132
339985,0.0003597095740855707
340961,0.0003595802319282197
340775,0.00035944371128611457
339755,0.0003593912194621177
343898,0.0003593070091282187
337337,0.00035921716439205157
335061,0.000359125469662999
328377,0.0003590309690559932
328380,0.00035896467848047555
334130,0.0003588967962291597
336026,0.000358670977560525
343087,0.00035862532987050814
343224,0.00035861308647541486
333475,0.0003585181774177037
339714,0.0003585088009316525
343410,0.0003584754786027704
339050,0.0003584617034640993
343942,0.0003582573279577438
344029,0.0003580796043198201
336937,0.0003580116203799108
332264,0.00035799708544693147
332787,0.0003579744306520529
339716,0.0003579566498598647
329427,0.0003579419894901303
329671,0.0003579384570354293
334304,0.00035754235190141163
332222,0.00035751731796381756
336278,0.000357380154263726
334649,0.00035720847218381416
333611,0.00035720661809130757
330193,0.00035704804547711724
343050,0.0003569838894581277
343214,0.0003569380359612085
333755,0.0003569016040390088
341502,0.00035687081230123085
335696,0.0003568302402471889
334231,0.0003566096383704721
333388,0.00035645294385031685
329099,0.000356391067913693
333964,0.00035632869759496253
338474,0.0003561044099281398
334424,0.00035606884030472236
333444,0.00035574770311720444
341433,0.0003557099962148813
330177,0.00035551300050745785
342080,0.0003553610509197602
336182,0.0003553562198299103
329265,0.00035529414100653493
331750,0.0003552851047098779
334075,0.00035517641026656244
341044,0.00035514296646095805
332095,0.0003550793235703466
335773,0.00035497821599260237
333013,0.00035474793768373815
339874,0.00035465999839017756
328379,0.00035451575514899386
342954,0.0003544517592160414
328366,0.0003542928149060755
339881,0.00035428955974043394
335523,0.00035418872095195424
332097,0.0003539422841019628
340589,0.00035373502255755087
334362,0.00035372813840192055
329940,0.0003536790037492595
329182,0.00035358572542037466
331498,0.00035325772357077247
339815,0.0003532101057216572
335342,0.00035309838230065894
341061,0.0003528625694799007
339759,0.000352833641905685
339982,0.00035273053403294313
334653,0.00035268407882117417
329739,0.00035251193461686015
339952,0.00035225498522781164
341313,0.00035224605913962534
333073,0.0003522389913068949
332657,0.00035215411846705374
334396,0.00035213792364854695
335869,0.00035204584537660427
336337,0.0003519549518755226
332534,0.00035184145490577265
343743,0.00035153363909642174
329038,0.000351497544495067
341299,0.0003514616038049129
341117,0.00035132667607777656
343225,0.0003511962269389875
344028,0.0003510593705668291
330117,0.0003508504945560301
336183,0.0003508347650447844
335585,0.0003505367948197035
329532,0.0003504334882667369
336453,0.0003503398801200707
334725,0.0003503082502041216
334436,0.0003502799147892449
333253,0.00035012329627896125
331798,0.00034999760470267173
329261,0.0003497786921605835
331935,0.00034975386690025304
332093,0.0003493446765306001
339984,0.0003491562374044475
336272,0.0003490256575316613
328816,0.00034900989424428453
331033,0.0003487904651430522
332583,0.0003484254130746625
328801,0.0003481762519903434
329740,0.00034816137953632803
330752,0.0003480105985590726
343985,0.0003475912209091683
334965,0.00034751521166761774
343426,0.0003474264338807273
331376,0.0003474210106986932
335298,0.000347374087936399
333776,0.0003473301061703558
341283,0.0003472521363802543
328548,0.00034712119807933395
343700,0.00034704854250814656
340091,0.0003470172065988622
331894,0.00034690751874465306
335394,0.00034649224371734324
336279,0.00034646305873544775
340116,0.00034637995318208395
344417,0.00034636309598570233
341043,0.00034633263201271807
334487,0.00034625190332249656
342982,0.0003461216053643908
328149,0.00034599582393460423
335186,0.0003459833285688386
328453,0.0003458812746579822
336066,0.00034585630829319736
330382,0.0003457729549955337
335199,0.0003457273528333098
334541,0.00034547996604285237
331091,0.00034498208916611023
328454,0.0003448646337150792
329053,0.00034476845907287375
331746,0.0003445170839400585
339948,0.0003443011377335475
334724,0.0003441830062497551
328472,0.0003440505561651784
340054,0.0003440184530339889
336338,0.0003438846533093308
338185,0.00034382546898889164
341069,0.00034377918721445846
334306,0.00034375785838773544
332819,0.00034333683205990917
331774,0.00034319425767464183
341314,0.00034309878323816905
342819,0.00034299904943396536
335720,0.00034297724578759785
340154,0.00034277410499244714
335362,0.0003427387998513128
342950,0.00034261682456135817
330319,0.0003426056470167877
334028,0.00034247159277750764
344402,0.00034236738754539383
336878,0.00034225505900024265
332426,0.0003421553558420233
331078,0.0003421054142289435
330633,0.00034192424995547566
343107,0.0003418581874296442
335018,0.0003417913057948086
339873,0.00034177056046378663
335039,0.0003417558345295196
342089,0.0003417375498414709
343876,0.00034156069037762077
346367,0.00034136465997368045
330748,0.0003412712049893159
331035,0.00034104460776015187
334856,0.0003409725271179816
329058,0.00034095748513440397
342824,0.0003408035258426672
333706,0.00034064283658989295
343013,0.0003401455972383496
336273,0.00034013695091226196
333568,0.0003400675718387984
339868,0.00034002530150909426
328935,0.0003399748683514032
335769,0.00033993373754330404
328741,0.0003396422151262864
329744,0.00033954379012489323
335482,0.0003394840062232504
335168,0.00033923183310945106
334447,0.0003391318100250136
335549,0.00033902310532979473
339998,0.0003388991419237717
339715,0.00033873778580112245
330683,0.0003385732002258962
338643,0.00033841308009569063
335196,0.0003383697335670003
343703,0.00033827316897687914
336027,0.00033818658312189444
335015,0.00033813209025215346
341115,0.00033794860730046184
336292,0.00033793756738773365
329064,0.0003377772195354347
328558,0.0003373351482836088
339880,0.0003372663060864296
333130,0.0003371374788429611
332683,0.00033680096136737286
331940,0.00033677153324943867
330552,0.00033665990739249334
335695,0.00033646801685377974
329655,0.00033639506796562057
333076,0.0003363502804261617
329402,0.0003360689424857316
331038,0.000336024331777696
329040,0.0003358272447894421
336335,0.00033577382532450957
335763,0.00033565167865126964
335609,0.0003352562469495419
334570,0.0003349666744375903
329601,0.0003349432077930912
331306,0.00033474248789049023
329179,0.0003343791575479873
343231,0.0003342355019438233
335054,0.00033397276015563964
329534,0.0003337855434266567
336214,0.00033369052285529344
334392,0.00033360192882809646
329874,0.0003335363592761036
343845,0.00033317093465243
336295,0.0003330835742982358
339049,0.00033304511134293413
329175,0.0003330421950420797
333707,0.0003329980083335369
342001,0.00033298972043177707
334492,0.00033298531069592526
331847,0.00033281095677357216
336221,0.0003328021588646331
336010,0.0003327092424440019
335457,0.00033267105134437617
335395,0.0003326260551430156
333581,0.00033219247182649403
336238,0.0003321373965083603
339997,0.0003319371687801656
342822,0.0003318038312278611
335847,0.0003317518970826534
332996,0.00033154430767355864
343411,0.0003312326600527357
343222,0.00033108494329576105
344248,0.0003310037846004333
331243,0.00033089790097339124
342677,0.00033086388260464695
329100,0.0003307966960527093
343555,0.00033078260230361665
331898,0.0003307597087425977
343173,0.00033072960133333836
328334,0.0003307287060060015
333549,0.0003306176876187815
331386,0.00033059896873739123
330175,0.00033057629324676743
341347,0.0003304569449657531
342899,0.00033022904248672705
339883,0.00033011965525868913
329522,0.00033005992347717576
336135,0.0003300365069267291
341410,0.0003299714717888187
341527,0.0003298155818041106
333431,0.00032977275855995567
329952,0.00032974974693352274
341322,0.0003293452880706419
333913,0.00032932152816111954
335450,0.0003290346170318058
339690,0.0003289141852593021
329501,0.00032885433852366765
335490,0.00032883649796988987
343062,0.0003287180047055388
335458,0.00032871395766988194
331379,0.00032869379689652573
336639,0.00032866836103429524
335041,0.00032866493495799654
335713,0.0003285463462645517
344407,0.00032844705600981267
333270,0.0003283582024026874
343325,0.00032829140574619953
331731,0.0003279836031465153
336376,0.00032794473900288085
337336,0.00032790542878622167
331020,0.0003278275501485537
330623,0.00032770216169262004
336232,0.0003276751551298088
339757,0.0003276722418089177
330553,0.0003275819264938538
333445,0.00032758184022135996
330182,0.00032744635089303767
334432,0.0003274452370143855
334938,0.00032682164523573467
331652,0.00032667242652019375
329523,0.00032659919520391684
336074,0.00032659491419263916
333128,0.0003265901413578333
335607,0.00032657329911584687
344038,0.0003264380849791316
341531,0.00032630995428589797
328546,0.0003261427932095394
335891,0.00032608034236555205
329820,0.00032585439803820476
331305,0.00032584219563529227
336224,0.0003258377868323903
329724,0.00032576714802001945
328547,0.00032569148978389885
328596,0.00032567156845508154
331772,0.0003256200009086337
337075,0.00032544525743757207
343097,0.0003253051103978451
334727,0.0003252615807025679
335706,0.00032518748524881574
341144,0.0003251443621548383
332555,0.00032513733300560776
336497,0.00032510192556136985
330452,0.0003249106728670012
333466,0.0003246952966855349
331927,0.00032457743563988473
335260,0.00032442519004206307
332464,0.0003242533423522911
331929,0.00032422705762474044
337579,0.0003241911205800037
329056,0.0003239632928263862
335056,0.000323935269635795
343093,0.0003238771530939924
341119,0.00032352407289756873
335981,0.00032331911065174544
339951,0.00032323749986775616
343384,0.00032322466720376543
329524,0.00032313942237675484
343930,0.0003231002893083405
339947,0.00032303697019407093
343058,0.00032297571159104746
333972,0.00032296556632851407
331468,0.00032293444759743317
336213,0.0003228569970927586
329802,0.0003227887141277428
332709,0.00032276613937884196
333075,0.00032225477016524355
330154,0.0003220501155470738
340115,0.00032199393033307053
333227,0.00032194829573060647
333550,0.00032181032898710715
343681,0.00032180310350086923
335317,0.0003217807158548978
341278,0.0003217601141183446
335287,0.0003216633096481465
336326,0.00032163439721040346
344041,0.00032145255979845175
328153,0.0003214214867791485
332007,0.00032140029733281934
329224,0.0003212774544259092
334966,0.0003210767571843854
332229,0.0003210714804229204
335984,0.00032093549972729395
332645,0.00032070444653074776
329474,0.000320616348801019
331968,0.0003206009641367583
329267,0.00032056909086062576
331030,0.0003204704916524879
342821,0.0003203967332106934
332214,0.000320344850651188
339957,0.0003202829718114597
341470,0.00031976051049041626
336049,0.0003196181830964407
331782,0.00031950570965388105
341280,0.00031927382139340416
342936,0.00031898470671965905
338644,0.0003189448928039102
335099,0.00031872331632103125
339712,0.0003185957107779183
338494,0.0003185919126992255
340872,0.00031858428584277535
340840,0.0003185177451180506
331246,0.00031850844894349583
329130,0.0003184605080836446
341298,0.0003182436484637783
336223,0.0003182419603758045
329391,0.0003181626869495514
336328,0.0003179662637291706
329227,0.000317772419086279
330112,0.0003173307878131648
334126,0.0003171563222088828
331748,0.0003170650265618887
328959,0.0003170232390835438
333779,0.0003169255197261378
335631,0.00031685342120151244
331969,0.0003167218622089553
334213,0.00031645090800621516
334148,0.00031637273405087167
343109,0.0003162854438154588
341279,0.0003160500284483628
336373,0.00031584433767690393
329735,0.0003157597757079617
336072,0.00031570693207686026
329678,0.0003155811486335098
334444,0.00031548820894886033
333578,0.0003154547802699017
336234,0.00031536190003967257
336225,0.00031528046937594006
344277,0.00031525977173175665
341334,0.0003150685754909749
342088,0.00031490215892316883
339878,0.00031455791826260634
341443,0.00031448520717345865
333961,0.00031443715316062485
329466,0.0003143746603798204
330979,0.0003143359667791875
332977,0.0003143295456910456
335016,0.0003140566135369772
341474,0.00031400653958795285
329600,0.00031393900614137534
331024,0.0003138865498080464
339751,0.00031388100045236586
335103,0.0003137967964216731
332814,0.0003137161280586423
333438,0.0003136966558735032
331727,0.0003136765681554368
339977,0.00031342519821407443
332959,0.0003129068516751752
334342,0.0003127492515105967
334451,0.0003125916871322488
329537,0.0003125393097047324
332962,0.00031250589258935896
328367,0.00031238115298736575
338977,0.00031224352725368497
343352,0.00031210297978035063
328194,0.000312038985806142
332419,0.00031200355655499733
341109,0.0003119496660653861
336332,0.0003118209399749862
331593,0.00031180745139798105
329907,0.0003117936655674734
341442,0.00031167259724368336
334308,0.0003116291992164465
332198,0.0003108372709200818
334921,0.00031081116073857764
340841,0.00031041642046516647
335710,0.00031031496952898743
342050,0.00030985897442988605
328502,0.00030934543145430483
335166,0.00030933149399350055
336641,0.0003092924636093163
331794,0.0003091941918850803
343335,0.00030873464383090457
334460,0.0003086413464808659
332442,0.0003085902441879804
333670,0.00030855929340774675
341329,0.0003084806385919413
335985,0.00030847713846547843
340963,0.00030821196741670953
339794,0.00030820314324897985
335258,0.00030812981993912384
334674,0.00030808211397471275
339837,0.00030794479560705674
329583,0.00030771407925438664
335801,0.00030741611285678373
331507,0.00030728509957909613
332501,0.00030726425644158543
329039,0.0003072241877336359
329730,0.00030719926582984547
339944,0.0003068283958759439
344426,0.00030678922561456503
334827,0.00030669490089387793
334227,0.00030663906068560307
341503,0.00030656999759710277
332690,0.0003065017114071822
341139,0.000306386078980061
330163,0.00030595948556776846
340588,0.00030589650739034616
328164,0.00030588355861371796
331242,0.00030585938878155286
333606,0.0003058388532824087
335771,0.0003057064395132549
336162,0.00030515877954110363
328154,0.0003051160683215389
341448,0.00030507317749584197
334775,0.0003047662587539901
339754,0.00030470610670335646
333882,0.00030444580516704017
336228,0.0003038845553626377
330684,0.000303878617119549
341332,0.0003034495492469462
334421,0.0003032807300978179
343405,0.0003031930017133343
334303,0.0003030439559488261
334363,0.0003029108866737496
335411,0.00030288784058579206
331592,0.0003027200405842577
330181,0.0003026991766541898
329971,0.0003022537173195702
339872,0.0003016701820096252
333944,0.00030157461883904884
338903,0.0003012881892043921
335792,0.0003011469183368191
343324,0.0003011453334280773
338647,0.0003011247849340378
334080,0.0003007641686704285
329974,0.0003005328509787209
334661,0.00030051655232890903
334094,0.00030044430422982723
328857,0.0003004414948985521
342668,0.0003002626858825884
339661,0.0003002541063929171
335870,0.0003001076889098126
331469,0.00030009944765785297
339810,0.0002994738141032023
340639,0.00029945345674922246
334382,0.0002992633241743985
328934,0.00029901597566829184
332500,0.00029892705350427587
341104,0.00029887866761183586
340843,0.00029862607389770065
334282,0.0002983386957080986
340373,0.00029812913338251007
334472,0.00029800168982148633
334224,0.0002974620830859319
331677,0.00029745010930795786
334790,0.0002970443391460588
332422,0.00029699646381016573
328749,0.0002969275154628018
343055,0.0002964692686224459
332842,0.00029615990299173005
330135,0.00029551512377153696
333567,0.00029533947924708357
334470,0.00029522401661465753
333509,0.0002951222731323512
332425,0.0002950061052511226
333561,0.0002949569953733653
329557,0.0002949209944914689
340842,0.0002946131569253467
343125,0.000294256158843993
335201,0.0002942029108513388
328750,0.00029417162291366116
335587,0.0002941462124257975
339876,0.00029386117022995044
331499,0.0002935541216857934
334527,0.00029347621494502264
333781,0.0002934179196800995
329428,0.00029335780406388725
343112,0.00029333138209872015
334212,0.00029318550874983214
331773,0.00029304494372005464
336334,0.00029302548425476664
334015,0.0002929259638399069
328187,0.0002929159641227825
338504,0.0002928271734294888
339813,0.0002926081888536319
338563,0.0002920285775976358
329951,0.00029199619255991906
342079,0.0002917147209161142
332815,0.0002916864571222032
334307,0.00029158499841723046
342002,0.00029152099052123255
331022,0.0002912394894689489
338495,0.000291123012335725
334302,0.0002910746955311617
335845,0.0002909716905479024
338980,0.0002908601434142087
335974,0.0002906128873616067
332905,0.0002904267141195318
328365,0.0002902528122645106
336496,0.00029023969425929325
328267,0.00029017339408663704
336876,0.0002900621670868716
335265,0.0002895178743425526
332101,0.0002892768872392942
329659,0.0002888612228987813
344039,0.0002883594179437613
330803,0.00028825336263208813
334425,0.00028763185001081477
340593,0.0002875723101220906
332463,0.0002873969282672903
338974,0.0002867433113249897
334721,0.00028673441584112246
332654,0.00028666853671199523
341406,0.00028664828851983625
335115,0.0002865139729408082
329514,0.0002864202385093621
331771,0.00028638895106962084
329462,0.00028638176494862717
330754,0.00028625985778529724
336276,0.0002859587610619076
329972,0.00028581189155165235
332152,0.0002857289495532021
335192,0.00028565430594214704
339762,0.0002856071215607647
339811,0.00028550144844957957
329389,0.0002848734243166867
329606,0.00028478500089476925
334464,0.00028476963487964553
330294,0.0002847569821449211
346366,0.0002845889594316777
342912,0.0002844184036729218
329470,0.00028438202796672525
338505,0.0002838141214667849
328691,0.0002830608487036039
336250,0.0002829692585342539
328593,0.00028288886762010555
342939,0.0002827999353746887
336329,0.0002827225920998186
338979,0.00028241051300029424
335165,0.00028236561066076265
334423,0.0002823572296693184
330292,0.00028223405143152405
335764,0.0002822230044414183
344392,0.00028170785472649923
333700,0.0002815162213897264
335014,0.0002813111410688073
336166,0.00028047504606510944
334457,0.0002803978083692137
338184,0.00028028128668934534
335026,0.00028017215256317723
335042,0.00028014714066077444
336067,0.0002800475816103162
341538,0.0002799719267566198
335765,0.00027991388990458716
333609,0.0002798510019205492
329815,0.0002797425960657464
335000,0.00027967457213410056
331026,0.0002794859334891702
334659,0.00027921784058136873
343442,0.0002790661140571278
332231,0.00027889144680605615
342615,0.00027880343858257645
333861,0.0002787931778501222
343012,0.00027845015478647776
331225,0.0002781541898893939
328846,0.0002779905356142347
330454,0.00027795687441978923
334680,0.0002776538476808426
333899,0.0002776194711336496
332531,0.0002768392995496231
332430,0.00027633462792690767
333090,0.00027618399255896985
332680,0.000276071712158814
337964,0.0002754039944348459
334542,0.00027500464481788233
335944,0.00027475621357967795
333562,0.0002746675023031168
335093,0.0002745827159960566
343353,0.00027453168709532243
342907,0.0002742121972074556
333955,0.00027420642339790586
340642,0.0002740492497504447
331839,0.000274026270126633
332947,0.0002740077550338466
334900,0.00027386323272689044
336163,0.0002729870735551632
343068,0.00027264826925888495
333462,0.00027241815739511134
341324,0.0002721493175076313
341537,0.0002713199428439852
329549,0.0002713100945817826
329086,0.0002711647311067871
335719,0.0002710756575036055
332141,0.0002708941422623339
329975,0.0002707626262301777
334934,0.00027039877882029074
331845,0.0002703935625051679
341062,0.0002699725859110667
332946,0.00026988124290367626
336240,0.0002698578409282648
343065,0.00026985333946313346
329799,0.0002695109012271082
332530,0.00026927094941732736
333346,0.0002692200213202397
329955,0.00026915647241102495
335877,0.00026887467752010653
329531,0.00026810310539314463
331171,0.00026786679685288697
331936,0.0002676709347847856
335036,0.0002673869094407528
329217,0.0002671434366643142
339817,0.00026670261590532913
334442,0.00026643348455814947
331502,0.00026641903170074777
335456,0.000266252518614973
343106,0.0002655836034272871
328937,0.0002654302837853362
343680,0.0002650292682236006
341112,0.0002644335691754278
340130,0.0002639780351954045
343008,0.0002634831934471969
342429,0.0002632699190808395
341468,0.00026304906753312466
343701,0.0002627074180892361
332005,0.0002624581012622975
340854,0.0002622405026353311
333943,0.00026214342615438863
343174,0.000261503356549911
343413,0.0002614066962799374
344418,0.00026134404285771537
332386,0.0002612329533445196
332961,0.00026112393138725274
328450,0.0002609029629757645
329642,0.0002607109378144115
339869,0.00026022837715417317
343083,0.00025956116011643156
333272,0.00025951639977319746
335632,0.000259215025795653
333389,0.00025873994102317894
343123,0.0002583819305633299
335378,0.00025784315201190545
328180,0.0002576737942749662
335064,0.000256815417440094
332648,0.0002567035745617333
334428,0.0002566991912778566
329173,0.00025668328045028995
331510,0.00025617242742462476
330397,0.00025581568661223555
332331,0.00025561778391461283
328800,0.0002555829087665374
341523,0.0002555566181940905
340056,0.00025554068473233513
343814,0.00025535317859600755
329069,0.00025510228643236643
336325,0.00025500893609122904
333614,0.00025471457792860917
334437,0.00025468442137891486
331505,0.00025419665802891184
332581,0.00025372943356452343
334860,0.00025357391493415263
334459,0.00025272377854302356
329558,0.000252258582427564
336202,0.00025182958788447956
341105,0.0002517998383814386
342948,0.00025153546195872805
344234,0.0002506233797172531
336191,0.00025000390376066315
331210,0.0002498967723677288
334289,0.00024987962770627736
341074,0.0002492030327441252
344316,0.0002491971954964562
328176,0.00024893138866393603
344422,0.0002480205805964917
335090,0.0002475134758893926
335083,0.00024702980336983995
340867,0.00024649273275068154
342902,0.0002463069608260839
340853,0.0002462026638631548
329553,0.0002461419765686042
334665,0.00024505795736822
329432,0.0002447915005564856
332981,0.0002446592824162486
332147,0.00024400037815146446
329475,0.0002431823603018519
335972,0.000242916116303803
330655,0.00024234101328514837
329469,0.00024200387041024021
343086,0.00024169373060692703
335919,0.00024164900143117268
340594,0.00024086614048335483
334638,0.0002404953991231185
328192,0.00024012265388706562
341504,0.00024009459579628416
332788,0.00023998612963272144
329835,0.00023882907208539906
332041,0.00023857340002410348
329467,0.00023851881151132234
334249,0.0002384924863736499
333356,0.00023742234728912697
333671,0.00023722956681468177
341589,0.00023588943680155058
329969,0.00023583635509357052
334672,0.00023568225293372436
335711,0.0002346632978079538
337578,0.00023358015628444125
330827,0.0002335420088056976
328669,0.00023293402236612953
344409,0.00023277790282280272
334266,0.0002319235899109535
335187,0.00023185047211610527
336450,0.00023101142215668858
333474,0.00023020950878897072
330400,0.00022947634478811713
340876,0.00022938466774537547
343001,0.00022802977891802717
333758,0.0002278860917314231
343312,0.0002277577922887932
336155,0.00022774344017155438
338473,0.00022746205397873397
335319,0.00022732064808043406
328174,0.0002272176063750731
342956,0.00022552626219006651
330273,0.00022551553480544583
328294,0.0002250704774899368
343176,0.00022427756593369416
334822,0.00022420382435136716
343091,0.00022408976481968324
330403,0.00022384903347899215
334623,0.00022267398595647556
329464,0.00022226841767295863
331205,0.00022186405645442493
332656,0.00022140642462855094
342959,0.00022059609330134572
334023,0.00022029372657258054
332677,0.00021936396671412025
334226,0.00021899481718849314
334357,0.00021825845759066088
341290,0.00021794954738309525
335548,0.00021732311233024014
328595,0.00021679166035690523
332330,0.0002164581676329873
332616,0.00021645622446314446
333797,0.00021430208766977553
335356,0.00021338403100036967
332102,0.0002131757471532384
342863,0.00021271550708678154
335912,0.00021265733871792436
332162,0.00021172197707201984
334361,0.0002111705941168389
335094,0.00021102505416566335
334021,0.00021062898771734276
343846,0.00021030039977571244
329577,0.00020861090802477248
331606,0.00020815409549934433
328183,0.00020812137168836392
330137,0.00020804754142736623
342910,0.00020615206959188545
328131,0.00020585588058272513
334043,0.00020539828318953595
329461,0.00020539071516281263
331385,0.00020424346470522632
334855,0.0002026967992243885
341521,0.00020175241756909576
332384,0.00020035445532678946
335087,0.0001992988444670685
330402,0.00019862217184061378
329108,0.00019692903895965913
330134,0.00019684707280458766
332418,0.00019550885817751202
333883,0.00019474042076481196
341441,0.0001942359224555775
344278,0.000194226419446264
333953,0.00019373327100697407
343824,0.00019331626334150503
334604,0.00019148447990241328
331733,0.00018997606488391404
329434,0.0001865117786950246
343320,0.00018630774619824778
332144,0.00018561502116887238
334723,0.00018509359942913545
333464,0.00018452117154712562
335714,0.00018410367682269928
330657,0.0001840931296195586
335030,0.00018402206184838684
343872,0.0001835217770827746
342942,0.00018191845565126153
330647,0.00018162732314394136
332428,0.00017840907531581045
328831,0.0001762458837925604
332388,0.00017592656854510883
329458,0.000175561431484861
331200,0.000175233072920369
332383,0.00017504012614822552
331039,0.0001742912940693364
344424,0.00017409896375558648
334613,0.00017288212544986639
344236,0.0001726324696774897
335131,0.00017164891103077653
330298,0.00017107695328143124
343276,0.00017088535695517932
341325,0.00017046279867896432
341292,0.0001697912992009368
335096,0.00016911832595288223
329009,0.00016776734908463504
330637,0.0001675943112936375
332150,0.00016703385818281122
330404,0.00016615837544476945
330641,0.00016533179960953666
343098,0.000165100193882583
335976,0.00016444500433402222
328451,0.00016433005057999976
330651,0.00016393825932408537
335410,0.00016348975964799957
328148,0.00016296666022863493
334230,0.00016284153912859324
331503,0.00016229322982927688
334607,0.00016176097484504662
328162,0.00016131642268139783
343175,0.00016024798216265654
334543,0.00015985846403003293
332615,0.00015966185267571288
330645,0.00015910525814692142
331109,0.00015899873925591203
332155,0.00015891958376655724
341286,0.0001586826429564122
329383,0.00015822042686638137
335313,0.00015697778210959729
330393,0.0001569088431791863
342938,0.00015681890615833533
343015,0.00015680770656874575
343315,0.00015628833340232816
343264,0.0001560849272848324
343377,0.00015565635163671102
330114,0.00015506886201732773
329833,0.00015444418283539616
340885,0.00015387588773450232
342941,0.00015283421190973208
334217,0.00015277921845687747
344353,0.0001523476889743842
340868,0.00015186747773007837
335794,0.0001514104012034556
335242,0.00015082291027711643
332927,0.00014946383880141888
329479,0.00014830081250443025
341394,0.0001460520556701997
343077,0.00014468682611182081
329516,0.00014311664389456133
332614,0.00014288373409746113
335915,0.00014196131781131803
339994,0.00014148850601897309
335408,0.00014142513742210384
328739,0.0001401490186844206
334771,0.0001400302201473757
332686,0.00014000498549531247
332510,0.00013978608367920477
335089,0.00013880291598083682
341275,0.0001386586298370273
334769,0.0001360707964582255
335161,0.00013602901193856024
330320,0.00013547703958417302
343006,0.00013540449022038267
335110,0.000134068490510531
331964,0.0001330333782604856
341404,0.00013297011646160162
331209,0.00013290129928118278
333975,0.0001322277833175873
343100,0.00013175941219652454
343401,0.00013175397305887945
343818,0.0001315410240034752
340590,0.00013125980910318416
331960,0.00013101883189246477
343881,0.00012959792527429383
340871,0.00012832438985653906
330399,0.00012778607600046535
333011,0.00012569136538129012
329204,0.00012347368380811164
332816,0.00012345623625165786
328171,0.00012202275643154225
344420,0.00011725719543035658
332689,0.0001161407165367662
334610,0.00011481629482779928
341049,0.00011434262058296488
333418,0.00011430007209364651
334853,0.00011409540123922205
331580,0.00011403482293353856
329465,0.00011390293676971621
334554,0.00011370874893555476
334825,0.00011199904052279124
331954,0.00010930122344808235
334599,0.00010681029122965879
333443,0.00010676097196492723
340874,0.0001064686718087521
328762,0.0001061789481279462
331017,0.000104409842295142
329266,0.00010314664557143144
343235,9.977244698589127e-05
335527,9.854955764492299e-05
331919,9.844971995909452e-05
332033,9.634223654775821e-05
331107,9.616534430526621e-05
333760,9.611136065513537e-05
344338,9.502784339865686e-05
343307,8.808276336576272e-05
334024,8.795451586067815e-05
340985,8.688730749659395e-05
334994,8.452786955868229e-05
343404,8.40077101804542e-05
334824,8.39942338511541e-05
334360,8.334238700690835e-05
335082,8.321744958195864e-05
333446,8.30101652433554e-05
331957,8.187969231456732e-05
343798,8.16515738125061e-05
332423,8.027930801224686e-05
331582,7.981558188887875e-05
341467,7.793688705846856e-05
343308,7.714185733429305e-05
334821,7.469588313314348e-05
335091,7.387934253390126e-05
334047,7.354935489796504e-05
335405,7.286083830970676e-05
334462,7.283558456115941e-05
329519,7.228630950504439e-05
329533,7.15478130936627e-05
334216,7.090419651324883e-05
331781,7.072754686113084e-05
329129,6.944153833799902e-05
333548,6.931886507079012e-05
335467,6.931540555387322e-05
343319,6.921440391550092e-05
329463,6.668374084989888e-05
330625,6.662974836975739e-05
332813,6.639595459409083e-05
335086,6.514742752004812e-05
343334,6.345952734316518e-05
343400,6.129339225594716e-05
335878,6.0067180009271574e-05
343800,5.993399759943833e-05
343311,5.9690341001800743e-05
334826,5.9404671088137794e-05
332887,5.8430351509110984e-05
330800,5.801427699757788e-05
329478,5.777185512226902e-05
341327,5.6819935863643464e-05
333543,5.673196986334061e-05
335789,5.593326929316704e-05
329460,5.538757648008227e-05
335108,5.294092856517411e-05
334509,5.232459018141861e-05
341302,5.217367097678559e-05
334529,5.152027344608648e-05
343314,5.152015196073667e-05
329076,4.891920526963645e-05
331375,4.199732965640572e-05
329456,4.145781826721903e-05
331217,4.1147960126789675e-05
332394,3.9606980913034345e-05
332882,3.9191899040090344e-05
330116,3.9144215039693304e-05
341405,3.818354818128514e-05
328646,3.5895077128928225e-05
328815,3.556610196502931e-05
332401,3.0260530680816722e-05
339909,2.8384810350731187e-05
343178,2.817253894861621e-05
331939,2.7281288054211535e-05
332395,2.6447171936069517e-05
335481,2.398312237190702e-05
340879,2.1707269306815825e-05
332398,2.163565737732939e-05
333537,2.0616022634928617e-05
333546,1.73774415117227e-05
333540,1.3855872151269443e-05
332228,6.497746177097945e-06
